City,Lat,Lon,Temp Max,Humidity,Cloudiness,Wind Speed,Country,Date
Mataura,-46.1927,168.8643,292.59,68,66,1.79,NZ,1613191408
Rikitea,-23.1203,-134.9692,299.53,77,8,5.63,PF,1613191407
Ushuaia,-54.8,-68.3,286.15,47,75,5.14,AR,1613191403
Salekhard,66.53,66.6019,242.77,86,100,0.79,RU,1613191549
Atuona,-9.8,-139.0333,299.35,79,1,6.97,PF,1613191407
Puerto Ayora,-0.7393,-90.3518,297.59,95,95,0.45,EC,1613191404
Arraial do Cabo,-22.9661,-42.0278,297.36,88,100,6.22,BR,1613191409
Castro,-24.7911,-50.0119,288.64,94,31,1.02,BR,1613191439
Koumac,-20.5667,164.2833,300.43,68,27,2.34,NC,1613191551
Vaini,-21.2,-175.2,303.15,74,75,3.6,TO,1613191411
Bluff,-46.6,168.3333,292.59,68,50,1.79,NZ,1613191408
Kīhei,20.785,-156.4656,300.15,54,40,4.63,US,1613191322
San Patricio,28.017,-97.5169,275.15,93,90,6.17,US,1613191551
Kaitangata,-46.2817,169.8464,292.04,75,86,3.58,NZ,1613191429
Dikson,73.5069,80.5464,240.87,87,98,5.09,RU,1613191551
Te Anau,-45.4167,167.7167,291.88,42,42,3.74,NZ,1613191552
Kapaa,22.0752,-159.319,296.15,64,1,2.06,US,1613191325
Busselton,-33.65,115.3333,301.07,36,0,2.25,AU,1613191413
Waingapu,-9.6567,120.2641,303.18,68,53,3.28,ID,1613191552
Hermanus,-34.4187,19.2345,295.93,80,0,2.68,ZA,1613191435
Ixtapa,20.7,-105.2,293.15,83,75,1.32,MX,1613191553
Bloomington,44.8408,-93.2983,251.15,49,40,2.57,US,1613191546
Angoram,-4.0625,144.0661,300.2,91,90,1.91,PG,1613191553
Lata,40.1629,-8.3327,284.26,91,100,0.45,PT,1613191553
Port Alfred,-33.5906,26.891,297.59,94,87,1.34,ZA,1613191415
Samfya,-11.3649,29.5565,291.61,94,94,2.66,ZM,1613191553
New Norfolk,-42.7826,147.0587,293.71,40,85,0.89,AU,1613191421
Albany,42.6001,-73.9662,262.04,55,79,1.81,US,1613191213
Salinópolis,-0.6136,-47.3561,299.21,87,100,4.94,BR,1613191554
Aden,12.7794,45.0367,297.75,68,48,4.98,YE,1613191264
Bethel,41.3712,-73.414,271.15,36,90,1.54,US,1613191422
Hobart,-42.8794,147.3294,293.71,59,40,7.72,AU,1613191268
Butaritari,3.0707,172.7902,300.66,82,3,4.95,KI,1613191410
Melito di Porto Salvo,37.9222,15.7714,287.04,71,75,3.09,IT,1613191555
Tuktoyaktuk,69.4541,-133.0374,250.15,84,75,2.57,CA,1613191429
Mumford,5.2618,-0.759,300.41,87,49,5.06,GH,1613191555
Cidreira,-30.1811,-50.2056,297.04,80,100,7.22,BR,1613191421
Mar del Plata,-38.0023,-57.5575,294.15,94,90,4.12,AR,1613191556
Labuhan,-6.8844,112.2051,301.95,78,100,3.68,ID,1613191556
Lorengau,-2.0226,147.2712,301.2,78,100,3.74,PG,1613191440
Hamilton,39.1834,-84.5333,269.26,74,90,4.63,US,1613191418
Kovdor,67.5662,30.4758,251.22,91,94,1.0,RU,1613191557
Amahai,-3.3333,128.9167,304.5,58,100,3.13,ID,1613191557
Pointe-Noire,-4.7761,11.8635,300.15,100,75,0.51,CG,1613191557
Shunyi,40.125,116.6453,283.15,71,100,1.0,CN,1613191487
San Quintín,30.4833,-115.95,286.65,77,2,5.98,MX,1613191557
Ásványráró,47.8273,17.4942,264.82,85,0,3.6,HU,1613191557
Huicheng,23.0385,116.2899,295.15,56,40,2.0,CN,1613191558
Riberalta,-10.9833,-66.1,295.9,93,100,0.45,BO,1613191558
Carnarvon,-24.8667,113.6333,302.15,89,90,5.66,AU,1613191438
Amapá,1.0,-52.0,295.55,98,100,1.15,BR,1613191558
Souillac,-20.5167,57.5167,301.15,69,75,6.17,MU,1613191445
Upernavik,72.7868,-56.1549,253.6,82,0,3.57,GL,1613191406
Kiama,-34.6833,150.8667,294.26,96,100,0.45,AU,1613191559
Weihe,32.9952,105.3247,285.21,41,100,3.15,CN,1613191559
Klaksvík,62.2266,-6.589,276.15,70,90,10.29,FO,1613191417
Provideniya,64.3833,-173.3,256.44,91,100,12.37,RU,1613191406
Barrow,71.2906,-156.7887,250.15,70,90,1.78,US,1613191419
Cape Town,-33.9258,18.4232,292.04,88,0,1.54,ZA,1613191105
Olafsvik,64.8945,-23.7142,277.64,74,100,11.8,IS,1613191560
Talcahuano,-36.7167,-73.1167,288.15,94,75,2.57,CL,1613191560
Dunedin,-45.8742,170.5036,291.48,73,72,4.02,NZ,1613191560
Mizdah,31.4451,12.9801,282.6,59,0,1.88,LY,1613191560
Cherskiy,68.75,161.3,242.57,81,0,0.4,RU,1613191406
Punta Arenas,-53.15,-70.9167,285.15,62,90,5.14,CL,1613191151
Asău,46.4333,26.4,264.26,43,0,3.39,RO,1613191561
Ndago,-4.6,34.35,291.2,92,100,1.39,TZ,1613191561
Safi,32.2994,-9.2372,286.8,87,0,7.84,MA,1613191561
Avarua,-21.2078,-159.775,302.15,65,1,2.06,CK,1613191414
Geraldton,-28.7667,114.6,305.15,45,40,9.77,AU,1613191561
San Policarpo,12.1791,125.5072,300.85,78,52,0.72,PH,1613191562
Rehoboth,-23.3167,17.0833,290.58,85,100,3.25,NA,1613191562
Bud,39.447,-86.1758,268.15,74,90,3.6,US,1613191562
Xam Nua,20.4197,104.0439,297.31,48,68,0.47,LA,1613191562
São Félix do Xingu,-6.6447,-51.995,295.75,96,100,0.83,BR,1613191562
Burnie,-41.0667,145.9167,294.75,47,1,3.69,AU,1613191562
Plettenberg Bay,-34.0527,23.3716,295.25,94,83,0.64,ZA,1613191563
Mahon,39.8885,4.2658,284.15,82,40,9.26,ES,1613191563
Tazovsky,67.4667,78.7,235.97,82,76,2.81,RU,1613191563
Mahajanga,-15.7167,46.3167,296.15,100,40,3.09,MG,1613191563
Mangochi,-14.4782,35.2645,296.79,89,99,4.62,MW,1613191564
Kikwit,-5.041,18.8162,295.13,88,98,0.85,CD,1613191564
Hasaki,35.7333,140.8333,290.93,47,40,4.12,JP,1613191564
Rio Grande,-32.035,-52.0986,293.71,96,100,5.33,BR,1613191410
Hilo,19.7297,-155.09,297.15,69,20,2.06,US,1613191302
Codrington,-38.2667,141.9667,291.97,56,0,5.48,AU,1613191564
Campoverde,-8.4753,-74.8058,295.23,97,100,0.66,PE,1613191565
Pevek,69.7008,170.3133,244.66,89,100,3.36,RU,1613191437
George Town,5.4112,100.3354,306.15,46,20,3.09,MY,1613191417
Tiznit Province,29.5833,-9.5,286.77,62,25,0.49,MA,1613191565
Songea,-10.6833,35.65,293.15,94,75,1.03,TZ,1613191565
Cascais,38.6979,-9.4215,284.26,100,20,0.51,PT,1613191566
Kishtwār,33.3167,75.7667,287.06,30,100,0.59,IN,1613191566
Hambantota,6.1241,81.1185,302.15,79,40,1.54,LK,1613191566
Qaanaaq,77.484,-69.3632,253.89,70,0,2.56,GL,1613191566
Saint Paul Harbor,57.79,-152.4072,275.15,75,90,6.69,US,1613191425
Zhigansk,66.7697,123.3711,251.43,90,100,5.72,RU,1613191567
Grindavik,63.8424,-22.4338,279.15,75,75,20.06,IS,1613191567
Torbay,47.6666,-52.7314,272.04,86,90,10.8,CA,1613191431
Korbous,36.8167,10.5687,287.15,88,40,2.06,TN,1613191567
Boca del Monte,19.15,-96.8167,293.15,77,90,5.14,MX,1613191568
Fortuna,40.5982,-124.1573,283.71,100,90,1.82,US,1613191185
Cartagena del Chairá,1.3349,-74.8429,296.2,69,98,0.85,CO,1613191568
Popondetta,-8.7537,148.2534,304.28,62,48,2.38,PG,1613191568
Santa Rosa,14.3122,121.1114,299.26,83,90,2.57,PH,1613191568
Emba,48.8264,58.1442,268.32,93,88,4.31,KZ,1613191569
Nicoya,10.1483,-85.452,296.15,78,0,1.54,CR,1613191569
Bredasdorp,-34.5322,20.0403,294.15,83,27,2.57,ZA,1613191432
Kaeo,-35.1,173.7833,297.04,58,0,3.58,NZ,1613191569
Belyy Yar,53.6039,91.3903,248.15,77,27,1.0,RU,1613191569
Bambous Virieux,-20.3428,57.7575,301.48,69,75,6.17,MU,1613191414
Ilulissat,69.2167,-51.1,261.15,85,75,1.54,GL,1613191404
Naze,28.3667,129.4833,293.15,83,75,10.29,JP,1613191405
Kjøllefjord,70.9457,27.3465,270.57,90,96,9.13,NO,1613191570
Lagoa,39.05,-27.9833,288.64,80,100,15.27,PT,1613191570
Bengkulu,-3.8004,102.2655,302.96,66,36,4.26,ID,1613191345
Hithadhoo,-0.6,73.0833,301.23,73,92,5.28,MV,1613191413
Changli,39.7042,119.1506,283.32,65,100,2.13,CN,1613191571
Narsaq,60.9167,-46.05,279.15,31,75,15.43,GL,1613191418
Paamiut,61.994,-49.6678,268.67,92,95,9.31,GL,1613191406
Saint Anthony,45.0205,-93.218,251.15,54,1,2.57,US,1613191571
Ziro,27.6333,93.8333,293.15,68,18,1.54,IN,1613191571
Atengo,20.1667,-99.3333,281.68,67,5,0.3,MX,1613191571
Meulaboh,4.1363,96.1285,303.14,65,0,2.05,ID,1613191572
Sola,-13.8833,167.55,300.26,81,100,4.22,VU,1613191572
Port Moresby,-9.4431,147.1797,305.15,62,40,7.72,PG,1613191572
Ribeira Grande,38.5167,-28.7,289.19,78,100,13.39,PT,1613191411
Yulara,-25.2406,130.9889,297.15,57,90,6.69,AU,1613191572
Lebu,-37.6167,-73.65,287.19,85,0,6.55,CL,1613191442
Teya,60.3778,92.6267,247.27,83,100,2.18,RU,1613191572
Pisco,-13.7,-76.2167,296.15,73,0,4.63,PE,1613191163
Carutapera,-1.195,-46.02,299.15,85,100,3.72,BR,1613191573
Walvis Bay,-22.9575,14.5053,294.26,88,65,2.57,NA,1613191573
Linxia Chengguanzhen,35.6003,103.2064,278.39,64,31,1.2,CN,1613191573
Banyo,6.75,11.8167,289.36,29,1,1.11,CM,1613191573
Paysandu,-32.3214,-58.0756,293.15,92,56,2.7,UY,1613191573
Yellowknife,62.456,-114.3525,245.37,76,20,2.06,CA,1613191407
Coquimbo,-29.9533,-71.3436,289.15,88,0,2.06,CL,1613191534
Caravelas,-17.7125,-39.2481,296.72,88,96,2.22,BR,1613191435
Saskylakh,71.9167,114.0833,240.52,81,70,0.75,RU,1613191416
Esperance,-33.8667,121.9,300.15,41,5,5.14,AU,1613191418
Nairn,57.5809,-3.8797,272.15,59,0,6.69,GB,1613191575
Kibala,9.1104,18.3463,294.15,35,0,1.79,TD,1613191575
Faanui,-16.4833,-151.75,300.86,73,28,4.55,PF,1613191405
Christchurch,-43.5333,172.6333,292.04,72,40,9.26,NZ,1613191240
Thompson,55.7435,-97.8558,234.15,67,1,1.03,CA,1613191438
Amga,60.8953,131.9608,261.07,93,97,1.25,RU,1613191576
Saldanha,-33.0117,17.9442,290.15,88,0,1.03,ZA,1613191576
Saint-Philippe,-21.3585,55.7679,302.59,61,0,11.32,RE,1613191418
Wajir,1.7471,40.0573,298.15,69,0,2.06,KE,1613191576
Pangnirtung,66.1451,-65.7125,246.48,83,100,0.5,CA,1613191576
Morant Bay,17.8815,-76.4093,300.15,69,20,8.23,JM,1613191576
Chokurdakh,70.6333,147.9167,243.0,73,0,1.59,RU,1613191577
Sakakah,29.9697,40.2064,284.15,66,0,3.09,SA,1613191577
Aksu,41.1231,80.2644,280.83,49,46,0.43,CN,1613191577
Saint-Joseph,-21.3667,55.6167,303.15,61,0,11.32,RE,1613191577
Yen Bai,21.7,104.8667,296.06,60,72,1.65,VN,1613191465
Guáimaro,21.05,-77.35,295.15,88,20,3.6,CU,1613191577
Vardø,70.3705,31.1107,266.26,93,48,5.29,NO,1613191578
Erzin,36.9559,36.2,284.82,94,20,0.45,TR,1613191578
College,64.8569,-147.8028,254.26,84,1,1.08,US,1613191578
Saint-Augustin,51.226,-58.6502,259.57,91,1,4.65,CA,1613191389
Norman Wells,65.282,-126.8329,244.15,83,20,3.11,CA,1613191332
Kahului,20.8947,-156.47,300.15,54,40,4.63,US,1613191578
Lenart,46.5761,15.8313,264.15,79,34,2.57,SI,1613191579
Rafai,4.95,23.9167,291.3,37,0,1.1,CF,1613191579
Šibenik,43.7272,15.9058,273.15,51,90,8.23,HR,1613191579
Tasiilaq,65.6145,-37.6368,273.15,64,90,18.52,GL,1613191429
Pouébo,-20.4,164.5667,300.19,68,24,1.05,NC,1613191579
Vila Velha,-20.3297,-40.2925,297.15,88,0,1.54,BR,1613191448
Mahébourg,-20.4081,57.7,301.15,69,75,6.17,MU,1613191237
Ponta Delgada,37.7333,-25.6667,288.71,94,20,9.26,PT,1613191580
Havre-St-Pierre,50.2334,-63.5986,265.15,62,90,3.6,CA,1613191448
Lompoc,34.6391,-120.4579,284.15,87,1,5.66,US,1613191423
Ponta do Sol,32.6667,-17.1,285.37,72,23,1.34,PT,1613191424
Thanh Pho Uong Bi,21.0333,106.7833,296.15,46,0,2.57,VN,1613191580
Jamestown,42.097,-79.2353,263.15,79,1,2.57,US,1613191415
Airai,-8.9266,125.4092,294.99,95,77,0.97,TL,1613191424
Namatanai,-3.6667,152.4333,302.01,73,61,3.17,PG,1613191581
Katsuura,35.1333,140.3,290.37,71,75,1.54,JP,1613191415
Soyo,-6.1349,12.3689,299.86,77,75,2.99,AO,1613191581
Havelock,34.8791,-76.9013,277.04,94,100,0.89,US,1613191582
Kokopo,-4.352,152.2633,301.87,76,92,4.52,PG,1613191582
Leh,34.1667,77.5833,265.04,63,34,0.67,IN,1613191582
La Maddalena,41.2142,9.4083,284.15,93,90,6.69,IT,1613191582
Kalemie,-5.9475,29.1947,294.62,84,97,1.41,CD,1613191582
Balabac,7.9868,117.0645,301.13,78,100,6.99,PH,1613191583
Goderich,43.7501,-81.7165,258.15,78,78,3.09,CA,1613191583
Cockburn Town,21.4612,-71.1419,298.1,78,0,10.45,TC,1613191583
Nanortalik,60.1432,-45.2371,276.02,75,100,4.16,GL,1613191583
Kruisfontein,-34.0033,24.7314,296.48,93,100,0.45,ZA,1613191436
Detchino,54.8092,36.3075,259.15,78,90,6.0,RU,1613191583
Qaqortoq,60.7167,-46.0333,279.15,31,75,15.43,GL,1613191584
Marzuq,14.4,46.4667,292.64,24,18,0.69,YE,1613191584
Malé,4.1748,73.5089,302.15,70,40,7.2,MV,1613191584
Port-Cartier,50.0334,-66.8654,264.15,67,90,3.82,CA,1613191584
São Filipe,14.8961,-24.4956,295.79,60,0,7.65,CV,1613191585
Tuatapere,-46.1333,167.6833,292.59,68,92,1.79,NZ,1613191441
Shimoda,34.6667,138.95,288.15,67,75,3.09,JP,1613191410
Avsyunino,55.5652,39.1232,259.15,78,90,8.0,RU,1613191585
Basco,20.4487,121.9702,296.09,78,0,6.2,PH,1613191585
Huarmey,-10.0681,-78.1522,295.81,68,97,2.96,PE,1613191425
Barinas,8.6226,-70.2075,298.57,57,7,1.79,VE,1613191585
Atar,20.5169,-13.0499,289.62,25,0,4.49,MR,1613191586
Cantaura,9.3057,-64.3584,296.61,78,30,6.37,VE,1613191586
Cabo San Lucas,22.8909,-109.9124,290.37,88,1,5.66,MX,1613191372
Canutama,-6.5339,-64.3831,296.93,97,100,0.47,BR,1613191586
La Peca,-5.6111,-78.435,293.76,78,98,1.24,PE,1613191586
Nizhniy Odes,63.6445,54.856,246.34,89,70,1.62,RU,1613191587
Biak,-0.9131,122.8766,297.98,86,100,2.58,ID,1613191587
Ruwi,23.5996,58.5507,294.15,78,0,1.03,OM,1613191587
Vidim,56.4088,103.1106,252.3,88,100,2.9,RU,1613191587
Dahuk,36.8695,42.994,282.84,60,38,1.32,IQ,1613191587
Kamenka,51.3223,42.7678,266.48,85,100,5.36,RU,1613191587
São João da Barra,-21.6403,-41.0511,297.84,86,100,6.55,BR,1613191588
Port Lincoln,-34.7333,135.8667,293.4,61,21,5.63,AU,1613191588
San Cristobal,7.7669,-72.225,292.27,72,96,0.54,VE,1613191432
Tiksi,71.6872,128.8694,249.56,91,73,2.5,RU,1613191424
Shingū,33.7333,135.9833,289.15,63,75,4.12,JP,1613191588
Mailsi,29.8003,72.1758,298.02,18,57,2.35,PK,1613191451
Khasan,42.4308,130.6434,275.44,84,84,0.2,RU,1613191589
Leningradskiy,69.3833,178.4167,244.32,84,100,2.56,RU,1613191407
Kismayo,-0.3582,42.5454,299.26,77,18,7.62,SO,1613191589
Lodja,-3.4833,23.4333,294.63,95,99,0.75,CD,1613191589
Juneau,58.3019,-134.4197,273.15,29,1,5.66,US,1613191589
Kostomuksha,64.571,30.5767,262.03,95,95,3.88,RU,1613191589
Hofn,64.2539,-15.2082,277.33,82,100,8.5,IS,1613191590
Wau,7.7029,27.9953,294.0,27,0,1.97,SS,1613191590
Makat,47.6469,53.3463,274.9,85,100,9.8,KZ,1613191590
Adrar,20.5022,-10.0711,289.53,23,0,5.05,MR,1613191439
Merauke,-8.4667,140.3333,302.38,74,100,3.09,ID,1613191590
Esim,4.8699,-2.2405,300.07,84,2,4.34,GH,1613191590
Sioux Lookout,50.1001,-91.917,243.15,69,90,1.54,CA,1613191591
Peleduy,59.6289,112.7406,252.53,86,100,2.93,RU,1613191591
Margate,51.3813,1.3862,271.48,52,9,2.24,GB,1613191449
Padang,-0.9492,100.3543,305.15,66,20,2.57,ID,1613191591
Kuito,-12.3833,16.9333,284.93,83,20,2.47,AO,1613191591
El Higo,21.7667,-98.4667,287.77,74,100,3.13,MX,1613191592
Camargo,27.6667,-105.1667,288.33,33,13,6.07,MX,1613191592
‘Ewa Beach,21.3156,-158.0072,298.15,64,20,1.54,US,1613191410
Lüderitz,-26.6481,15.1594,290.4,88,27,3.19,NA,1613191592
Suntar,62.1444,117.6319,249.83,86,100,3.21,RU,1613191427
Kapoeta,4.7717,33.5903,300.63,37,0,1.51,SS,1613191592
São José da Coroa Grande,-8.8978,-35.1478,298.54,84,1,3.82,BR,1613191592
Severo-Kuril'sk,50.6789,156.125,271.25,94,100,4.23,RU,1613191412
Guerrero Negro,27.9769,-114.0611,288.28,86,5,7.72,MX,1613191593
Saint George,37.1041,-113.5841,284.26,43,1,1.2,US,1613191593
Port Elizabeth,-33.918,25.5701,296.15,100,90,3.6,ZA,1613191434
Kodinsk,58.6881,99.1844,251.85,87,100,2.6,RU,1613191593
Nāgar Karnūl,16.4821,78.3247,300.87,28,15,3.24,IN,1613191594
Bratsk,56.1325,101.6142,251.48,71,100,2.0,RU,1613191594
Gravdal,68.1214,13.5031,271.39,93,99,4.03,NO,1613191594
Panguna,-6.3164,155.4848,296.83,94,100,1.36,PG,1613191594
Korla,41.7597,86.1469,279.32,56,23,2.54,CN,1613191594
Iqaluit,63.7506,-68.5145,251.15,64,75,5.66,CA,1613191448
Deniliquin,-35.5333,144.9667,299.82,36,0,2.68,AU,1613191595
Ostrovnoy,68.0531,39.5131,254.61,91,99,2.38,RU,1613191595
Ayagoz,47.9714,80.4392,260.78,94,41,4.19,KZ,1613191595
Caronport,50.4501,-105.8179,242.15,76,36,2.57,CA,1613191596
Ţahţā,26.7693,31.5021,283.15,87,0,4.12,EG,1613191596
Jimma,7.6667,36.8333,292.49,57,94,0.7,ET,1613191323
Shellbrook,53.2168,-106.4011,237.15,75,20,1.03,CA,1613191596
Longyearbyen,78.2186,15.6401,262.15,67,75,7.2,SJ,1613191430
Springville,40.1652,-111.6107,279.15,65,90,2.06,US,1613191544
Uusikaupunki,60.8004,21.4084,269.15,93,0,2.57,FI,1613191596
East London,-33.0153,27.9116,294.15,94,0,2.06,ZA,1613191428
Harper,4.375,-7.7169,299.25,89,0,2.97,LR,1613191597
Sirte,31.2089,16.5887,285.44,77,0,5.04,LY,1613191597
Arandis,-22.4167,14.9667,294.26,89,94,1.79,NA,1613191597
Alexandria,31.2156,29.9553,284.15,76,0,1.81,EG,1613191441
Río Cuarto,-33.1307,-64.3499,289.82,92,10,1.34,AR,1613191597
Songyuan,45.1171,124.8568,268.37,97,100,3.87,CN,1613191598
Mangai,-4.05,19.5333,294.39,96,100,1.0,CD,1613191598
Callaway,30.153,-85.5699,290.93,94,90,2.57,US,1613191598
Snezhnogorsk,69.1933,33.2531,242.15,76,20,2.11,RU,1613191598
Tessalit,20.1986,1.0114,293.01,20,0,6.93,ML,1613191598
Kyra,49.5776,111.9753,256.38,79,4,2.45,RU,1613191598
Sitka,57.0531,-135.33,276.15,30,20,3.09,US,1613191419
Makhachkala,42.9764,47.5024,281.15,76,40,16.0,RU,1613191599
Conceição do Araguaia,-8.2578,-49.2647,297.07,94,100,1.18,BR,1613191599
Houma,29.5958,-90.7195,279.15,93,90,5.66,US,1613191599
Hualmay,-11.0964,-77.6139,295.51,76,94,3.85,PE,1613191599
Mount Isa,-20.7333,139.5,310.15,32,90,3.6,AU,1613191600
Taltal,-25.4,-70.4833,291.6,77,4,1.48,CL,1613191600
Chui,-33.6971,-53.4616,294.27,92,100,4.11,UY,1613191421
Khomeyn,33.6423,50.0789,269.15,74,0,1.16,IR,1613191600
Isangel,-19.55,169.2667,301.15,83,75,2.9,VU,1613191420
Kundiawa,-6.0167,144.9667,295.23,73,100,0.71,PG,1613191600
Rocha,-34.4833,-54.3333,292.9,95,100,2.61,UY,1613191444
Pestretsy,55.7531,49.6545,272.15,93,90,6.0,RU,1613191601
Ivanovka,42.8878,75.085,273.15,100,75,1.0,KG,1613191601
Labuan,5.2767,115.2417,300.15,83,20,3.6,MY,1613191601
Aklavik,68.2191,-135.0107,255.15,78,91,1.54,CA,1613191433
Itarema,-2.9248,-39.9167,299.08,85,42,4.44,BR,1613191601
Luanda,-8.8368,13.2343,299.15,83,75,1.54,AO,1613191182
Bukachacha,52.9833,116.9167,255.84,83,99,4.81,RU,1613191602
Adoni,15.6333,77.2833,300.17,31,27,3.76,IN,1613191602
Kirakira,-10.4544,161.9205,301.29,79,99,4.61,SB,1613191602
Yar-Sale,66.8333,70.8333,244.64,87,99,1.84,RU,1613191602
Faya,18.3851,42.4509,283.15,87,0,0.81,SA,1613191602
Miraflores,19.2167,-98.8083,286.15,33,20,3.09,MX,1613191408
Nikolskoye,59.7035,30.7861,257.15,78,75,1.0,RU,1613191425
Viedma,-40.8135,-62.9967,293.71,85,100,0.89,AR,1613191603
Acapulco de Juárez,16.8634,-99.8901,295.68,80,0,2.79,MX,1613191582
Verkhniachka,48.8285,30.0396,259.19,93,100,8.06,UA,1613191603
Kamaishi,39.2667,141.8833,279.15,61,0,1.54,JP,1613191603
Thinadhoo,0.5333,72.9333,301.24,69,69,4.82,MV,1613191604
Senanga,-16.1167,23.2667,292.55,91,69,0.4,ZM,1613191604
Constitución,-35.3333,-72.4167,287.49,90,38,2.33,CL,1613191445
Port Hardy,50.6996,-127.4199,274.15,80,90,13.38,CA,1613191604
Leeton,-34.5667,146.4,301.15,30,0,6.69,AU,1613191604
Mount Gambier,-37.8333,140.7667,293.15,56,90,6.69,AU,1613191604
Omboué,-1.5746,9.2618,299.1,85,100,2.7,GA,1613191574
Umluj,25.0213,37.2685,296.12,55,0,4.09,SA,1613191605
Banda Aceh,5.5577,95.3222,303.4,64,17,1.5,ID,1613191605
Byron Bay,-28.65,153.6167,303.15,65,75,6.17,AU,1613190818
Glenwood Springs,39.5505,-107.3248,274.26,93,90,2.62,US,1613191605
Nabire,-3.3667,135.4833,304.03,67,62,2.89,ID,1613191605
Srednekolymsk,67.45,153.6833,243.26,83,0,2.75,RU,1613191605
Bireun,5.203,96.7009,302.89,65,7,3.27,ID,1613191606
Kununurra,-15.7667,128.7333,308.15,55,57,4.63,AU,1613191414
Chongwe,-15.3292,28.682,293.15,83,90,2.57,ZM,1613191606
Māngrol,21.1167,70.1167,297.79,40,0,4.21,IN,1613191606
Chālūs,36.655,51.4204,280.15,100,90,1.33,IR,1613191606
Bagdarin,54.4333,113.6,253.59,76,98,3.38,RU,1613191606
Mabaruma,8.2,-59.7833,295.51,95,78,1.68,GY,1613191607
Itoman,26.1247,127.6694,296.15,88,75,3.6,JP,1613191607
Twin Falls,42.3505,-114.6445,274.82,80,90,4.63,US,1613191607
Monroe,43.1501,-77.6831,262.59,85,90,2.57,US,1613191607
Nong’an,44.382,125.1685,275.15,69,100,3.0,CN,1613191607
Bubaque,11.2833,-15.8333,298.04,64,0,3.74,GW,1613191608
Karacaköy,41.4029,28.3834,273.71,63,0,5.66,TR,1613191608
Tambovka,50.0969,128.0489,267.15,45,0,7.0,RU,1613191608
Rio Brilhante,-21.8019,-54.5464,293.21,94,0,0.37,BR,1613191608
East Stroudsburg,40.9995,-75.1813,269.15,45,90,1.46,US,1613191608
Qui Nhon,13.7667,109.2333,295.27,70,4,4.47,VN,1613191608
Province of Trapani,37.8333,12.6667,288.15,87,40,7.2,IT,1613191609
Chabahar,25.2919,60.643,295.03,55,0,1.69,IR,1613191609
Kyren,51.6828,102.1408,256.96,80,82,0.55,RU,1613191609
Tuy Hoa,13.0833,109.3,295.72,70,66,4.62,VN,1613191362
Dobřany,49.6548,13.2931,262.59,92,90,1.09,CZ,1613191609
Kattivākkam,13.2167,80.3167,300.15,61,20,2.57,IN,1613191609
Marsh Harbour,26.5412,-77.0636,296.92,84,67,5.92,BS,1613191610
Preobrazheniye,42.9019,133.9064,277.58,80,100,0.91,RU,1613191610
Comendador,18.8775,-71.7028,293.4,74,11,1.76,DO,1613191610
Tokmak,47.2514,35.7058,263.15,88,100,7.83,UA,1613191610
Filingué,14.3521,3.3168,293.73,20,0,3.75,NE,1613191610
Lincoln,40.8,-96.667,255.37,78,90,3.6,US,1613191381
Trairi,-3.2778,-39.2689,298.88,87,27,3.8,BR,1613191328
Pochutla,15.7432,-96.4661,297.59,79,10,1.34,MX,1613191611
Huanren,41.2647,125.3667,277.77,73,98,1.96,CN,1613191611
Wanning,18.8003,110.3967,295.05,60,54,3.0,CN,1613191611
Tarakan,3.3,117.6333,302.15,79,40,2.57,ID,1613191611
Brownfield,33.1812,-102.2744,267.15,93,90,1.54,US,1613191612
Pilot Butte,50.4668,-104.4178,242.04,62,40,1.54,CA,1613191612
Alenquer,-1.9417,-54.7383,300.15,89,20,2.06,BR,1613191612
Balclutha,-46.2339,169.75,292.04,75,49,3.58,NZ,1613191612
Bathsheba,13.2167,-59.5167,299.15,65,40,9.26,BB,1613191448
Hervey Bay,-25.2986,152.8535,303.15,48,10,5.14,AU,1613191409
Touros,-5.1989,-35.4608,299.15,83,40,2.06,BR,1613191613
Khiri Mat,16.8333,99.8,305.37,55,68,4.06,TH,1613191613
Hongjiang,27.11,109.9956,293.67,49,0,1.18,CN,1613191613
Kaiyuan,23.6977,103.3037,291.63,59,28,2.36,CN,1613191613
Forbes,-33.3833,148.0167,303.15,33,0,0.45,AU,1613191613
Ancud,-41.8697,-73.8203,285.37,81,0,4.12,CL,1613191449
Honiara,-9.4333,159.95,302.35,73,85,4.21,SB,1613191425
Lakes Entrance,-37.8811,147.981,293.71,70,0,1.79,AU,1613191614
Barentu,15.1139,37.5928,294.28,38,0,1.11,ER,1613191614
Durusu,41.3053,28.6767,273.71,69,0,7.2,TR,1613191614
Vaitape,-16.5167,-151.75,300.46,74,33,4.96,PF,1613191614
Prado,-17.3411,-39.2208,296.96,88,81,2.75,BR,1613191614
Hong Kong,22.2855,114.1577,296.48,56,20,3.09,HK,1613191282
Abu Dhabi,24.4667,54.3667,290.15,100,75,0.51,AE,1613191306
Le Port,-20.9373,55.2919,298.15,88,75,6.69,RE,1613191615
Okmulgee,35.6234,-95.9605,264.29,87,90,6.25,US,1613191615
Sobolevo,54.4299,31.8996,260.3,95,100,9.44,RU,1613191615
Neuquén,-38.9516,-68.0591,296.15,60,0,3.78,AR,1613191615
Dengzhou,37.8086,120.7508,285.3,48,60,3.39,CN,1613191572
Tura,25.5198,90.2201,299.92,30,0,1.14,IN,1613191616
Samarai,-10.6167,150.6667,302.28,66,37,4.49,PG,1613191445
Kommunar,59.6206,30.39,257.15,78,75,1.0,RU,1613191616
La Palma,33.8464,-118.0467,288.15,63,1,2.49,US,1613191616
Gagret,31.6667,76.0667,293.82,34,100,0.72,IN,1613191616
Mikhaylov,54.2292,39.0186,259.69,93,100,7.16,RU,1613191617
Teahupoo,-17.8333,-149.2667,299.15,73,75,7.2,PF,1613191617
Lindi,-10.0,39.7167,298.15,100,75,4.63,TZ,1613191617
Talnakh,69.4865,88.3972,243.94,85,100,1.13,RU,1613191405
Chara,56.9064,118.2631,251.67,79,100,2.34,RU,1613191617
Khatanga,71.9667,102.5,241.36,86,99,3.86,RU,1613191411
Omsukchan,62.5333,155.8,247.07,85,14,2.42,RU,1613191618
Mossamedes,-15.1961,12.1522,295.14,78,21,1.09,AO,1613191618
Umred,20.85,79.3333,299.15,38,0,1.03,IN,1613191618
Shatalovo,54.334,32.4465,259.65,94,100,9.52,RU,1613191618
Sandūr,15.1,76.55,300.29,25,34,4.29,IN,1613191400
Humaitá,-7.5061,-63.0208,297.03,96,100,0.83,BR,1613191618
Mackenzie,55.2999,-123.1698,256.15,60,1,2.57,CA,1613191619
Upata,8.0086,-62.3989,296.48,89,56,1.79,VE,1613191619
Troitskoye,52.9821,84.6757,251.19,87,0,1.13,RU,1613191619
Cooma,-36.2333,149.1333,293.15,52,40,6.69,AU,1613191619
Chicama,-7.8447,-79.1469,296.4,68,90,2.2,PE,1613191619
Olonets,60.9847,32.9698,252.28,90,46,1.75,RU,1613191620
Newport,51.5877,-2.9984,272.04,79,100,8.67,GB,1613191620
Mikkeli,61.6886,27.2723,265.15,100,90,0.51,FI,1613191620
São Raimundo Nonato,-9.0153,-42.6994,295.38,61,76,1.35,BR,1613191374
Ferrières,50.4016,5.6109,265.15,73,0,5.14,BE,1613191620
Magaria,12.9983,8.9099,290.11,25,0,3.3,NE,1613191620
Nyurba,63.2842,118.3319,249.22,87,100,2.76,RU,1613191621
Jamame,0.0722,42.7506,299.75,72,22,6.18,SO,1613191621
Lavrentiya,65.5833,-171.0,252.73,90,100,7.69,RU,1613191621
Smithers,54.7804,-127.1743,259.15,72,40,2.57,CA,1613191621
Kodino,63.7198,39.6447,250.75,88,31,2.07,RU,1613191621
Hay River,60.8156,-115.7999,244.15,76,5,1.03,CA,1613191622
Kihurio,-4.4667,38.0667,297.0,75,77,1.66,TZ,1613191622
Broome,42.2506,-75.833,262.15,57,90,3.6,US,1613191622
Yeppoon,-23.1333,150.7333,308.15,29,40,2.57,AU,1613191597
Nioro,13.35,-15.75,295.66,17,0,3.12,GM,1613191623
Kargasok,59.0556,80.8572,248.41,88,100,2.57,RU,1613191623
Tombouctou,20.0,-3.0,292.85,18,75,4.99,ML,1613191623
Kenora,49.8167,-94.4337,245.37,57,75,1.03,CA,1613191623
Krasnosel'kup,65.7,82.4667,237.61,82,6,2.08,RU,1613191623
Nizhniy Kuranakh,58.8353,125.4869,250.67,86,100,2.97,RU,1613191623
Dicabisagan,17.0818,122.4157,298.81,69,56,3.67,PH,1613191623
Changji,44.0167,87.3167,267.15,79,98,1.0,CN,1613191624
Olinda,-8.0089,-34.8553,299.15,73,40,5.66,BR,1613191624
Husavik,66.0449,-17.3389,277.15,65,20,5.66,IS,1613191624
Palamós,41.8484,3.1291,283.71,93,40,1.03,ES,1613191624
Tougue,11.4667,-11.6,292.76,25,0,0.99,GN,1613191624
Sistranda,63.7256,8.834,274.15,69,75,13.89,NO,1613191555
Coahuayana Viejo,18.7333,-103.6833,290.01,83,18,1.49,MX,1613191625
Del Rio,29.3627,-100.8968,276.15,75,90,2.06,US,1613191580
Great Yarmouth,52.6083,1.7305,272.59,69,0,6.17,GB,1613191625
Caucaia,-3.7361,-38.6531,300.93,83,20,5.66,BR,1613191404
Jaciara,-15.9653,-54.9683,294.67,96,100,0.67,BR,1613191625
Jutaí,-5.1833,-68.9,296.76,94,100,0.81,BR,1613191625
Pachino,36.7186,15.0907,281.15,100,40,1.03,IT,1613191626
Serdobsk,52.4586,44.2169,268.44,97,100,6.4,RU,1613191626
Caracollo,-14.9165,-70.6603,278.11,84,100,1.0,PE,1613191626
Luena,-11.7833,19.9167,288.95,96,21,2.64,AO,1613191626
Port-Gentil,-0.7193,8.7815,300.84,77,100,4.66,GA,1613191626
Englewood,39.6478,-104.9878,260.37,66,75,2.06,US,1613191627
Chodavaram,17.8333,82.95,301.15,51,17,2.06,IN,1613191627
Yerofey Pavlovich,53.9667,121.9667,255.31,88,100,2.23,RU,1613191627
Haines Junction,60.7522,-137.5108,246.15,76,0,0.51,CA,1613191627
Nurota,40.5614,65.6886,286.15,47,11,1.03,UZ,1613191627
Bowen,-20.0167,148.2333,306.15,29,91,3.6,AU,1613191627
Turtas,58.9417,69.1325,253.15,92,100,3.31,RU,1613191628
Sept-Îles,50.2001,-66.3821,264.15,67,90,3.39,CA,1613191628
Merseburg,51.3667,12.0,259.82,85,23,1.54,DE,1613191628
Austintown,41.1017,-80.7645,267.59,68,90,4.63,US,1613191628
Mayo,38.8876,-76.5119,272.59,64,90,4.2,US,1613191628
Caraquet,47.7941,-64.9386,264.15,73,77,2.06,CA,1613191629
Verkhnyaya Inta,65.9811,60.3094,243.89,87,94,1.75,RU,1613191629
Popova,42.9603,131.7228,276.15,93,20,1.0,RU,1613191629
Xining,36.6167,101.7667,276.3,68,32,1.91,CN,1613191629
Paducah,37.0834,-88.6001,268.15,79,90,5.66,US,1613191514
Renukoot,24.2,83.0333,299.1,23,0,0.74,IN,1613191629
Harwich,51.9419,1.2844,273.15,49,17,8.49,GB,1613191630
Cap Malheureux,-19.9842,57.6142,301.48,68,5,4.92,MU,1613191404
Tam Ky,15.5667,108.4833,297.15,57,20,1.54,VN,1613191630
Östersund,63.1792,14.6357,267.15,79,16,8.23,SE,1613191630
Tautira,-17.7333,-149.15,299.15,73,75,7.2,PF,1613191630
Peñaflor,-33.6167,-70.9167,293.15,82,20,3.09,CL,1613191630
Mehamn,71.0357,27.8492,266.35,96,80,3.54,NO,1613191631
Seminole,28.7086,-81.2081,295.37,88,1,2.06,US,1613191546
Bilibino,68.0546,166.4372,245.89,84,63,1.81,RU,1613191631
Aquiraz,-3.9014,-38.3911,300.15,83,20,5.66,BR,1613191631
Gobabis,-22.45,18.9667,291.36,78,98,2.7,NA,1613191631
Kamloops,50.6665,-120.3192,259.15,61,90,3.09,CA,1613191631
Najrān,17.4924,44.1277,284.15,46,0,0.51,SA,1613191632
Praia,14.9215,-23.5087,293.15,73,0,9.77,CV,1613191632
Clyde River,70.4692,-68.5914,255.15,85,99,9.26,CA,1613191434
Kavieng,-2.5744,150.7967,302.15,76,59,4.49,PG,1613191416
Vrbové,48.6197,17.7226,264.82,79,54,1.54,SK,1613191633
Pacific Grove,36.6177,-121.9166,285.15,82,75,5.69,US,1613191408
Yaan,7.3833,8.5667,295.6,88,100,2.08,NG,1613191423
Bonthe,7.5264,-12.505,297.87,89,0,1.27,SL,1613191633
Alofi,-19.0595,-169.9187,302.15,74,62,4.12,NU,1613191605
Novy Urengoy,66.0833,76.6333,239.9,84,100,1.96,RU,1613191463
Invercargill,-46.4,168.35,292.59,68,55,1.79,NZ,1613191634
Atocha,-20.9333,-66.2333,282.0,63,2,2.57,BO,1613191634
Seoul,37.5683,126.9778,287.15,30,0,1.03,KR,1613191171
Progreso,21.2833,-89.6667,296.48,88,90,0.51,MX,1613191634
Porto Walter,-8.2686,-72.7439,295.59,98,100,0.1,BR,1613191634
Deputatsky,69.3,139.9,245.52,90,100,1.19,RU,1613191634
Vao,-22.6667,167.4833,299.63,74,15,3.42,NC,1613191635
Nāthdwāra,24.9333,73.8167,297.15,29,40,2.06,IN,1613191635
Cururupu,-1.8283,-44.8683,297.88,92,100,1.89,BR,1613191635
Nuuk,64.1835,-51.7216,266.15,86,90,6.17,GL,1613191431
Acajutla,13.5928,-89.8275,297.7,76,0,3.17,SV,1613191375
Aného,6.2333,1.6,301.15,89,40,3.09,TG,1613191635
Akureyri,65.6835,-18.0878,277.15,65,20,5.66,IS,1613191636
Grand Gaube,-20.0064,57.6608,301.48,68,7,4.47,MU,1613191636
Busia,0.4544,34.0758,294.4,75,83,2.02,UG,1613191636
Ulaanbaatar,47.9077,106.8832,255.15,60,75,1.0,MN,1613191636
Chokwé,-24.5333,32.9833,298.22,92,100,3.47,MZ,1613191636
Japura,-0.3167,102.35,305.35,53,70,1.9,ID,1613191637
Vredendal,-31.6683,18.5012,293.14,79,99,1.36,ZA,1613191637
Portland,45.5234,-122.6762,270.37,68,90,5.66,US,1613191614
Durango,24.8333,-104.8333,280.92,54,3,2.72,MX,1613191350
Dergachi,51.2328,48.7659,273.86,94,100,6.66,RU,1613191637
Kabinda,-6.1333,24.4833,293.21,94,98,0.84,CD,1613191637
Westport,41.1415,-73.3579,271.15,34,90,2.57,US,1613191437
Trollhättan Municipality,58.2333,12.4167,256.15,84,0,1.03,SE,1613191447
Borås,57.721,12.9401,262.15,73,0,2.06,SE,1613191638
Chino Valley,34.7575,-112.4538,277.59,87,1,1.54,US,1613191638
Ndjolé,-0.1783,10.7649,296.91,94,77,0.74,GA,1613191638
Fengkou,30.0833,113.2667,291.36,56,0,1.86,CN,1613191638
Taoudenni,22.6783,-3.9836,290.87,27,0,6.2,ML,1613191639
Tres Arroyos,-38.3739,-60.2798,290.72,91,94,3.25,AR,1613191639
Lundazi,-12.2929,33.1782,291.05,97,100,1.7,ZM,1613191639
The Valley,18.217,-63.0578,298.15,78,40,5.66,AI,1613191639
Chifeng,42.2683,118.9636,274.08,84,82,3.88,CN,1613191639
Molochnoye,59.2917,39.6787,254.68,90,100,5.73,RU,1613191640
Cerrito,6.8432,-72.694,285.77,85,95,0.51,CO,1613191640
São Miguel do Araguaia,-13.275,-50.1628,294.29,97,99,1.57,BR,1613191640
Naryan-Mar,67.6713,53.087,246.19,88,72,1.12,RU,1613191640
St. George's,12.0564,-61.7485,299.15,78,20,11.32,GD,1613191640
Kaoma,-14.7833,24.8,291.72,95,100,1.38,ZM,1613191640
Bonavista,48.6499,-53.1147,271.48,86,100,4.63,CA,1613191641
Road Town,18.4167,-64.6167,298.15,85,4,8.49,VG,1613191627
North Platte,41.1239,-100.7654,254.15,71,90,3.6,US,1613191465
Bismarck,46.8083,-100.7837,246.15,69,1,1.54,US,1613191618
Mnogovershinnyy,53.9353,139.9242,264.36,97,100,0.5,RU,1613191641
Puerto Carreño,6.189,-67.4859,299.98,60,86,2.79,CO,1613191641
Kalāleh,37.3807,55.4916,283.15,57,0,3.62,IR,1613191641
Port Blair,11.6667,92.75,301.59,66,70,6.08,IN,1613191642
Santa Cruz de la Sierra,-17.8,-63.1667,293.15,94,40,1.03,BO,1613191642
Bāndarban,22.1965,92.2262,302.96,20,0,2.17,BD,1613191642
Port Hedland,-20.3167,118.5667,305.15,58,41,6.69,AU,1613191426
Mazagão,-0.115,-51.2894,298.15,94,40,1.54,BR,1613191642
Half Moon Bay,37.4636,-122.4286,285.15,87,90,4.12,US,1613191642
Pointe Michel,15.25,-61.3833,297.98,71,0,7.97,DM,1613191643
Alice Springs,-23.7,133.8833,303.71,88,90,4.63,AU,1613191288
Ossora,59.2353,163.0719,253.36,82,0,5.18,RU,1613191643
Cheyenne,41.14,-104.8203,252.59,84,90,3.6,US,1613191482
Poum,-20.2333,164.0167,300.51,70,1,3.91,NC,1613191643
Flin Flon,54.7682,-101.865,239.2,83,8,0.59,CA,1613191506
Doha,25.2867,51.5333,293.15,68,0,2.57,QA,1613191644
Nhamundá,-2.1861,-56.7131,296.84,96,48,0.91,BR,1613191644
Sucha Beskidzka,49.7419,19.5943,261.15,85,98,3.6,PL,1613191644
Kotel'nich,58.3089,48.348,257.53,94,100,5.41,RU,1613191644
Strezhevoy,60.7333,77.5889,247.15,76,0,1.0,RU,1613191644
Budogoshch',59.2816,32.4707,253.5,90,100,2.36,RU,1613191645
Pathein,16.7833,94.7333,304.43,27,49,3.11,MM,1613191442
Sanjwal,33.7608,72.4336,291.28,27,99,1.7,PK,1613191645
Senador José Porfírio,-2.5908,-51.9542,296.83,96,100,1.44,BR,1613191645
